Feature,Importance
messaging_min,0.22264510635416923
top_app_2_min,0.18270877486120168
top_app_3_min,0.18205136925404378
top_app_1_min,0.1377775147770976
social_media_min,0.07612505119758425
productivity_min,0.06166757746227969
browser_min,0.05057797537453452
video_min,0.033961697491860045
unlock_count_proxy,0.023757551976935777
screen_interactive_min,0.020317468487996995
education_min,0.004740879032751417
gaming_min,0.003669033729545103
